"user_id","skills","interests","preferred_event_type","preferred_mode"
"U001","Linux, Embedded Systems, Digital Electronics, ESP32","Internet of Things, Electronics, Ethical Hacking, Embedded Systems","Conference, Workshop","Both"
"U002","Machine Learning, Python, Data Analytics, SQL","Artificial Intelligence, Data Science, Generative AI","Tech Talk, Hackathon","Offline"
"U003","Communication, Animation, UI/UX Design, Graphic Design","UI/UX, Animation, Graphic Design","Conference","Online"
"U004","Software Development, HTML/CSS, Frontend Development, Backend Development, Node.js","App Development, Backend Development, Software Engineering","Bootcamp, Project Exhibition","Online"
"U005","Software Development, Frontend Development, Node.js, Web Development, App Development","Software Engineering, Frontend Development, Open Source, Web Development","Workshop, Project Exhibition","Online"
"U006","Computer Vision, Ethical Hacking, Deep Learning, Problem Solving, Natural Language Processing","Network Security, Data Analytics, Computer Vision","Competition","Both"
"U007","SQL, Backend Development, Software Development","Open Source, Software Engineering, App Development","Hackathon","Both"
"U008","Video Editing, Graphic Design, Communication, UI/UX Design","Animation, UI/UX, 3D Design","Bootcamp","Both"
"U009","Teamwork, Product Management, Entrepreneurship, Problem Solving, Digital Marketing, Business Strategy","Startups, Product Management, Entrepreneurship","Conference, Seminar","Online"
"U010","Generative AI, SQL, Data Science, Linux, Problem Solving, Data Analytics","Computer Vision, Machine Learning, Artificial Intelligence, Network Security, Digital Forensics","Tech Talk","Online"
"U011","JavaScript, Backend Development, React","Open Source, Backend Development, App Development, Web Development","Project Exhibition","Both"
"U012","Backend Development, Data Science, Web Development, App Development, SQL","Open Source, Web Development, App Development, Computer Vision","Hackathon, Competition","Online"
"U013","Animation, Digital Electronics, 3D Design, AWS","Cloud Architecture, Microcontrollers, DevOps, Graphic Design, Animation","Conference","Both"
"U014","Video Editing, Communication, 3D Design, CAD","Product Design, Graphic Design, 3D Design, UI/UX","Project Exhibition","Both"
"U015","React, SQL, JavaScript, Web Development","Software Engineering, Frontend Development, App Development, Web Development","Workshop","Offline"
"U016","UI/UX Design, Communication, 3D Design","UI/UX, Product Design, Graphic Design, Animation","Project Exhibition, Workshop","Both"
"U017","Project Management, Marketing, Business Strategy, Entrepreneurship","Innovation, Startups, Entrepreneurship","Seminar","Online"
"U018","3D Design, Data Analytics, Video Editing, Digital Electronics, Problem Solving, PCB Design, Technical Writing","UI/UX, Data Analytics, 3D Design, NLP, Embedded Systems, Internet of Things","Project Exhibition, Conference","Both"
"U019","Azure, Docker, AWS, DevOps","Cloud Computing, Software Engineering, Cloud Architecture, DevOps","Tech Talk","Both"
"U020","Kubernetes, AWS, Software Development, Linux, DevOps","Software Engineering, Cloud Architecture, Cloud Computing","Webinar, Workshop","Offline"
"U021","UI/UX Design, Animation, Graphic Design, CAD, Communication","Animation, 3D Design, Graphic Design, UI/UX","Conference, Project Exhibition","Offline"
"U022","Embedded Systems, Drone Technology, Internet of Things, Raspberry Pi, Automation, Leadership","Autonomous Systems, Smart Devices, Automation, Drones","Competition","Offline"
"U023","Docker, Problem Solving, Computer Vision, Generative AI, Linux, Natural Language Processing, Python","NLP, Generative AI, Data Analytics, Software Engineering","Conference","Both"
"U024","Animation, UI/UX Design, CAD, Video Editing","UI/UX, 3D Design, Graphic Design","Bootcamp","Offline"
"U025","UI/UX Design, Linux, Teamwork, SQL, Animation","Cybersecurity, Graphic Design, Data Analytics","Conference, Competition","Offline"
"U026","PCB Design, Internet of Things, Sensors, Automation, Arduino","Smart Devices, Robotics, Embedded Systems, Internet of Things","Hackathon, Workshop","Online"
"U027","Digital Forensics, Network Security, Problem Solving, Linux","Digital Forensics, Ethical Hacking, Network Security, Cyber Defense","Bootcamp","Offline"
"U028","Leadership, Embedded Systems, Circuit Design, PCB Design, Digital Forensics, Electronics","PCB Design, Internet of Things, Cybersecurity, Embedded Systems, Ethical Hacking","Hackathon","Both"
"U029","TypeScript, Web Development, Backend Development, Frontend Development","Open Source, Backend Development, Frontend Development, Software Engineering","Project Exhibition","Online"
"U030","ESP32, Embedded Systems, VLSI, Electronics, PCB Design","Electronics, Internet of Things, Microcontrollers, Embedded Systems","Hackathon, Seminar","Offline"
"U031","React, App Development, Web Development, Teamwork, Problem Solving","Software Engineering, App Development, Data Science","Project Exhibition","Online"
"U032","Electronics, Digital Electronics, VLSI, Embedded Systems, ESP32, Technical Writing","Electronics, Digital Electronics, Embedded Systems","Project Exhibition","Online"
"U033","Software Development, Frontend Development, SQL, Teamwork","Software Engineering, Backend Development, Open Source","Bootcamp","Offline"
"U034","CAD, 3D Design, Animation, Communication","Product Design, Animation, Graphic Design","Project Exhibition","Both"
"U035","UI/UX Design, Graphic Design, Content Creation","3D Design, Animation, Product Design, UI/UX","Conference","Both"
"U036","Automation, UI/UX Design, Raspberry Pi, Communication, Video Editing, Content Creation","Graphic Design, Smart Devices, UI/UX, Robotics, Product Design","Workshop, Project Exhibition","Online"
"U037","DevOps, Data Science, SQL, Problem Solving","Cloud Computing, Machine Learning, DevOps, Artificial Intelligence","Workshop, Tech Talk","Offline"
"U038","Network Security, Cryptography, Cybersecurity, Ethical Hacking, Linux","Cybersecurity, Network Security, Digital Forensics","Conference","Both"
"U039","Cryptography, Linux, Network Security","Network Security, Cybersecurity, Digital Forensics","Workshop","Online"
"U040","Communication, Product Management, Natural Language Processing, Public Speaking, Project Management","Innovation, Product Management, Data Science","Conference, Workshop","Online"
"U041","ESP32, PCB Design, VLSI","Internet of Things, Embedded Systems, Digital Electronics","Workshop","Online"
"U042","PCB Design, Cybersecurity, Linux, Python, Ethical Hacking","Ethical Hacking, Cyber Defense, VLSI, Electronics","Seminar","Both"
"U043","Node.js, Web Development, SQL, App Development, API Development","Software Engineering, Web Development, Frontend Development, Backend Development","Project Exhibition, Bootcamp","Both"
"U044","HTML/CSS, Frontend Development, SQL","Open Source, App Development, Web Development","Hackathon, Bootcamp","Offline"
"U045","Digital Electronics, Problem Solving, Cybersecurity, Cryptography, ESP32, Network Security","Ethical Hacking, Digital Electronics, Network Security, Cyber Defense","Project Exhibition","Both"
"U046","Problem Solving, Communication, Digital Marketing, Business Strategy, Automation, SQL","Startups, Smart Devices, Computer Vision","Tech Talk","Both"
"U047","Robot Programming, Sensors, Automation, Raspberry Pi","Drones, Automation, Robotics","Workshop","Offline"
"U048","Python, Communication, React, Teamwork","Product Design, Ethical Hacking, Cyber Defense, App Development","Hackathon","Online"
"U049","Arduino, ESP32, Embedded Systems, Digital Electronics","Robotics, PCB Design, Autonomous Systems, Embedded Systems","Workshop, Competition","Offline"
"U050","Public Speaking, Leadership, Product Management, Teamwork, React, API Development","Entrepreneurship, Startups, App Development, Innovation","Seminar","Both"
"U051","Embedded Systems, Electronics, ESP32, Circuit Design, PCB Design","VLSI, Digital Electronics, Internet of Things","Project Exhibition","Both"
"U052","Linux, AWS, Kubernetes, Ethical Hacking, Cybersecurity","DevOps, Digital Forensics, Cloud Computing, Network Security","Tech Talk","Online"
"U053","Deep Learning, Natural Language Processing, SQL, Computer Vision","Data Analytics, Computer Vision, NLP","Conference","Both"
"U054","Cryptography, Digital Forensics, AWS, Cybersecurity, Python","Digital Forensics, Cloud Computing, Cloud Architecture, Cyber Defense","Seminar, Bootcamp","Both"
"U055","Problem Solving, Azure, AWS, Docker","Cloud Architecture, Cloud Computing, DevOps","Conference","Both"
"U056","Actuators, Automation, Raspberry Pi, Arduino","Internet of Things, Drones, Autonomous Systems, Smart Devices","Project Exhibition","Both"
"U057","3D Design, Content Creation, Animation, UI/UX Design, CAD","Product Design, Animation, Graphic Design, 3D Design","Bootcamp","Both"
"U058","Robotics, Digital Electronics, Drone Technology, Technical Writing, Internet of Things","Robotics, Autonomous Systems, Microcontrollers, Internet of Things","Seminar, Workshop","Both"
"U059","Drone Technology, Microcontrollers, VLSI, Actuators, Arduino, Circuit Design","Robotics, VLSI, Autonomous Systems, Internet of Things","Seminar","Both"
"U060","Python, Cybersecurity, Problem Solving, Leadership","Cybersecurity, Ethical Hacking, Cyber Defense","Bootcamp, Conference","Both"
"U061","Embedded Systems, Raspberry Pi, Video Editing, Robot Programming, Actuators","Smart Devices, Product Design, Graphic Design, Robotics","Workshop, Competition","Both"
"U062","3D Design, Video Editing, UI/UX Design, Animation, Content Creation","Product Design, Graphic Design, UI/UX","Workshop","Offline"
"U063","Azure, Docker, AWS, Kubernetes, DevOps","Cloud Computing, Cloud Architecture, DevOps","Tech Talk, Bootcamp","Offline"
"U064","Software Development, App Development, Frontend Development, TypeScript","Open Source, Frontend Development, Backend Development","Hackathon, Project Exhibition","Both"
"U065","Electronics, Circuit Design, Microcontrollers, Embedded Systems","Robotics, Microcontrollers, Electronics, VLSI","Workshop","Offline"
"U066","Data Science, Python, Natural Language Processing, Deep Learning","Machine Learning, Generative AI, Computer Vision","Workshop","Offline"
"U067","Sensors, Robotics, Raspberry Pi","Internet of Things, Drones, Automation, Robotics","Competition, Workshop","Online"
"U068","Digital Forensics, Cybersecurity, Cryptography","Cybersecurity, Network Security, Cyber Defense, Digital Forensics","Seminar, Workshop","Offline"
"U069","Sensors, Actuators, Arduino, Embedded Systems, Internet of Things","Internet of Things, Drones, Automation, Autonomous Systems","Competition","Both"
"U070","Software Development, Node.js, Data Analytics, SQL, Python, JavaScript","Web Development, Frontend Development, Generative AI, Computer Vision, Backend Development","Competition","Both"
"U071","Problem Solving, Software Development, Communication, SQL, API Development, Video Editing","Backend Development, Open Source, Animation, Frontend Development","Conference","Both"
"U072","Animation, Project Management, Marketing, Entrepreneurship, Leadership","Startups, Marketing, Graphic Design, Product Management","Conference","Online"
"U073","API Development, App Development, Software Development, Communication, SQL, Node.js","Open Source, Software Engineering, Backend Development","Competition, Bootcamp","Both"
"U074","Graphic Design, Technical Writing, Communication, Video Editing, UI/UX Design, Animation","Animation, Product Design, 3D Design","Bootcamp","Both"
"U075","Robotics, Actuators, Technical Writing, Raspberry Pi, Embedded Systems","Automation, Smart Devices, Drones","Competition, Project Exhibition","Online"
"U076","Problem Solving, Ethical Hacking, Linux, Cybersecurity","Ethical Hacking, Digital Forensics, Cyber Defense, Network Security","Conference, Workshop","Both"
"U077","Problem Solving, Python, Communication, Teamwork, Computer Vision, Public Speaking","Product Management, NLP, Machine Learning, Innovation, Generative AI","Seminar","Both"
"U078","Graphic Design, 3D Design, Communication","UI/UX, Product Design, Animation, Graphic Design","Project Exhibition","Both"
"U079","Teamwork, Public Speaking, Leadership, Product Management","Innovation, Public Speaking, Product Management","Career Fair","Offline"
"U080","Communication, UI/UX Design, CAD, Content Creation","3D Design, Graphic Design, Animation, Product Design","Conference","Online"
"U081","AWS, Azure, Docker, Problem Solving","Software Engineering, DevOps, Cloud Architecture","Bootcamp","Both"
"U082","Video Editing, 3D Design, Animation","Product Design, Animation, Graphic Design","Conference, Project Exhibition","Both"
"U083","Cybersecurity, Ethical Hacking, Network Security, Python","Ethical Hacking, Cybersecurity, Network Security, Cyber Defense","Workshop","Online"
"U084","TypeScript, Communication, HTML/CSS, Content Creation, Drone Technology","Product Design, Frontend Development, Autonomous Systems, App Development, Drones","Competition, Project Exhibition","Both"
"U085","Kubernetes, Linux, DevOps, Problem Solving, AWS","Cloud Computing, DevOps, Cloud Architecture, Software Engineering","Webinar","Online"
"U086","Electronics, Robotics, Digital Electronics, Arduino","VLSI, Microcontrollers, Autonomous Systems","Project Exhibition","Both"
"U087","Content Creation, Backend Development, JavaScript, HTML/CSS","Backend Development, Open Source, Product Design","Bootcamp, Conference","Offline"
"U088","Microcontrollers, PCB Design, Electronics","Embedded Systems, VLSI, Microcontrollers, Electronics","Seminar, Project Exhibition","Online"
"U089","Graphic Design, Animation, UI/UX Design, CAD","Product Design, Animation, 3D Design, Graphic Design","Conference, Bootcamp","Both"
"U090","Data Science, Python, Machine Learning, Generative AI, Computer Vision","Generative AI, Computer Vision, Data Analytics","Workshop","Offline"
"U091","Problem Solving, Software Development, DevOps, Linux","DevOps, Software Engineering, Cloud Architecture, Cloud Computing","Bootcamp, Webinar","Offline"
"U092","Problem Solving, Cloud Computing, Software Development, Linux","Digital Forensics, Cybersecurity, Software Engineering, Cloud Architecture","Webinar, Workshop","Online"
"U093","Cybersecurity, Network Security, Python, Problem Solving, Azure","Software Engineering, Digital Forensics, Ethical Hacking, Cyber Defense, Cloud Computing","Tech Talk","Both"
"U094","Video Editing, Content Creation, Graphic Design, CAD","Product Design, Animation, 3D Design, UI/UX","Workshop","Offline"
"U095","Robot Programming, Automation, Problem Solving, Robotics","Smart Devices, Robotics, Internet of Things","Competition","Both"
"U096","PCB Design, Data Analytics, Business Strategy, Project Management, Generative AI","Microcontrollers, Public Speaking, Embedded Systems, Generative AI, Machine Learning, Startups","Conference","Offline"
"U097","Digital Marketing, Communication, Business Strategy","Marketing, Public Speaking, Leadership","Career Fair, Workshop","Both"
"U098","Problem Solving, Computer Vision, SQL, Generative AI, Machine Learning","Computer Vision, Data Science, Data Analytics","Tech Talk","Both"
"U099","Deep Learning, Linux, Network Security, Digital Forensics, Python","Generative AI, Cyber Defense, Machine Learning, Digital Forensics, Ethical Hacking","Hackathon","Both"
"U100","Software Development, API Development, JavaScript, Backend Development","App Development, Web Development, Open Source","Competition","Offline"
"U101","Natural Language Processing, Generative AI, Computer Vision, Deep Learning, Python","Generative AI, Artificial Intelligence, Computer Vision, Data Science","Workshop","Online"
"U102","AWS, Docker, Kubernetes, Linux","Software Engineering, Cloud Architecture, DevOps, Cloud Computing","Tech Talk","Online"
"U103","Machine Learning, Python, Generative AI, Docker, Software Development, Problem Solving","Data Science, Artificial Intelligence, Cloud Computing, Computer Vision","Bootcamp, Tech Talk","Both"
"U104","Technical Writing, CAD, Arduino, Actuators, Content Creation, Digital Forensics","Graphic Design, Autonomous Systems, Drones, Cybersecurity","Project Exhibition, Workshop","Online"
"U105","Generative AI, Data Analytics, Natural Language Processing, Problem Solving, Python","Generative AI, Artificial Intelligence, Data Science","Bootcamp","Offline"
"U106","Drone Technology, Python, Natural Language Processing, Problem Solving, Raspberry Pi, Deep Learning, SQL","Computer Vision, Generative AI, Internet of Things","Project Exhibition","Online"
"U107","HTML/CSS, SQL, React, Natural Language Processing, Python","Computer Vision, Generative AI, Open Source, Frontend Development, Backend Development","Bootcamp, Conference","Both"
"U108","Problem Solving, DevOps, Linux","Cloud Architecture, DevOps, Software Engineering, Cloud Computing","Bootcamp, Tech Talk","Both"
"U109","Video Editing, 3D Design, Graphic Design, Business Strategy, Content Creation","Animation, Graphic Design, 3D Design, Product Management","Seminar","Online"
"U110","Leadership, Innovation, Business Strategy, Communication","Innovation, Leadership, Startups, Marketing","Webinar","Both"
"U111","Deep Learning, Problem Solving, SQL, Machine Learning, Data Analytics","Generative AI, Data Analytics, Data Science","Hackathon, Bootcamp","Both"
"U112","Embedded Systems, VLSI, Microcontrollers","Electronics, Microcontrollers, PCB Design","Hackathon","Offline"
"U113","Robot Programming, Robotics, Problem Solving, Arduino, Raspberry Pi","Smart Devices, Robotics, Autonomous Systems, Automation","Project Exhibition, Workshop","Online"
"U114","Linux, Problem Solving, Digital Forensics","Ethical Hacking, Cybersecurity, Network Security, Digital Forensics","Bootcamp, Competition","Offline"
"U115","AWS, DevOps, Software Development","Cloud Architecture, DevOps, Software Engineering","Tech Talk","Both"
"U116","AWS, Cloud Computing, Software Development, Linux, Docker","DevOps, Cloud Computing, Software Engineering, Cloud Architecture","Conference, Webinar","Offline"
"U117","Raspberry Pi, Embedded Systems, Robotics, Robot Programming","Automation, Drones, Robotics","Workshop, Project Exhibition","Offline"
"U118","Cybersecurity, Ethical Hacking, Python","Cyber Defense, Digital Forensics, Network Security","Conference, Workshop","Online"
"U119","Cryptography, Internet of Things, Robot Programming, Data Science, Network Security","Robotics, Digital Forensics, Machine Learning, Autonomous Systems, Ethical Hacking","Project Exhibition, Competition","Both"
"U120","Network Security, Cryptography, Microcontrollers, Linux, Problem Solving","Internet of Things, Network Security, Ethical Hacking, VLSI, Cyber Defense","Bootcamp","Online"
"U121","Graphic Design, Sensors, Actuators, Embedded Systems, Raspberry Pi","Robotics, Automation, Product Design, Drones","Conference, Project Exhibition","Online"
"U122","Automation, Raspberry Pi, Robotics, Internet of Things","Robotics, Autonomous Systems, Smart Devices","Hackathon","Offline"
"U123","Animation, Linux, Embedded Systems, CAD","Smart Devices, Product Design, 3D Design, DevOps, Cloud Computing","Webinar, Hackathon","Online"
"U124","Graphic Design, Technical Writing, Communication, Video Editing, CAD","Product Design, Graphic Design, UI/UX, 3D Design","Workshop, Project Exhibition","Online"
"U125","Business Strategy, Innovation, Teamwork, Public Speaking","Entrepreneurship, Product Management, Leadership, Startups","Conference","Offline"
"U126","Network Security, Python, Problem Solving","Network Security, Digital Forensics, Cybersecurity","Workshop, Competition","Offline"
"U127","Python, Linux, Problem Solving, Cybersecurity, Cryptography","Digital Forensics, Network Security, Cybersecurity, Ethical Hacking","Competition, Seminar","Online"
"U128","Arduino, Robotics, Automation, Drone Technology, Robot Programming","Drones, Internet of Things, Robotics","Workshop","Online"
"U129","SQL, 3D Design, TypeScript, Natural Language Processing, UI/UX Design","Graphic Design, App Development, Generative AI","Competition, Workshop","Both"
"U130","Linux, AWS, Cloud Computing","Cloud Computing, Software Engineering, Cloud Architecture","Webinar","Both"
"U131","Problem Solving, Python, Linux","Network Security, Digital Forensics, Ethical Hacking, Cyber Defense","Bootcamp, Workshop","Offline"
"U132","Deep Learning, Data Analytics, Problem Solving","Data Science, Generative AI, NLP","Bootcamp","Online"
"U133","Natural Language Processing, Machine Learning, Generative AI, Data Analytics","Data Science, Computer Vision, Generative AI, Machine Learning","Conference","Online"
"U134","Embedded Systems, Internet of Things, Sensors, Communication, Arduino","Internet of Things, Drones, Autonomous Systems","Project Exhibition","Offline"
"U135","VLSI, Electronics, ESP32, Circuit Design, Arduino, Leadership","Internet of Things, Electronics, Microcontrollers, Embedded Systems","Project Exhibition, Competition","Online"
"U136","SQL, Linux, App Development, Software Development","Frontend Development, DevOps, Backend Development, Web Development","Webinar","Offline"
"U137","Ethical Hacking, Digital Electronics, Electronics, Arduino","Ethical Hacking, PCB Design, Microcontrollers, Cyber Defense","Project Exhibition, Seminar","Both"
"U138","Ethical Hacking, 3D Design, CAD, Digital Forensics, Technical Writing, Frontend Development","Network Security, UI/UX, Backend Development","Seminar, Hackathon","Online"
"U139","3D Design, Video Editing, Animation","UI/UX, Product Design, Graphic Design","Conference, Project Exhibition","Offline"
"U140","Entrepreneurship, Innovation, Teamwork, Project Management","Marketing, Startups, Leadership, Public Speaking","Workshop, Conference","Online"
"U141","React, Software Development, App Development, Frontend Development, HTML/CSS","Frontend Development, Software Engineering, Web Development","Bootcamp","Online"
"U142","Machine Learning, Web Development, Robot Programming, Computer Vision","Automation, Drones, Open Source, Machine Learning, Backend Development","Project Exhibition","Online"
"U143","Python, Communication, Computer Vision, Problem Solving","Computer Vision, NLP, Machine Learning, Generative AI","Conference, Workshop","Online"
"U144","Python, Problem Solving, Cybersecurity, Network Security","Network Security, Digital Forensics, Cybersecurity","Seminar","Both"
"U145","AWS, Problem Solving, DevOps, Kubernetes, HTML/CSS, Web Development","Cloud Architecture, DevOps, Web Development, Cloud Computing, Frontend Development","Project Exhibition, Competition","Offline"
"U146","Circuit Design, Electronics, Microcontrollers, ESP32, VLSI","Embedded Systems, Microcontrollers, Digital Electronics, VLSI","Project Exhibition, Workshop","Offline"
"U147","Communication, Entrepreneurship, Leadership, Digital Marketing, Innovation","Product Management, Marketing, Public Speaking","Workshop","Offline"
"U148","Actuators, Drone Technology, Sensors","Automation, Drones, Autonomous Systems","Competition","Offline"
"U149","Robotics, Raspberry Pi, UI/UX Design, Digital Forensics","Cyber Defense, Graphic Design, 3D Design, Automation, Network Security","Hackathon","Offline"
"U150","Cloud Computing, Teamwork, Azure, Software Development, Problem Solving","Cloud Architecture, Software Engineering, Cloud Computing","Conference, Webinar","Both"
"U151","Kubernetes, Problem Solving, Docker","Software Engineering, DevOps, Cloud Computing","Workshop, Conference","Online"
"U152","SQL, Deep Learning, Project Management, Problem Solving","Data Analytics, Computer Vision, Generative AI","Hackathon, Workshop","Online"
"U153","CAD, Communication, Robotics, Content Creation, Sensors, 3D Design","3D Design, Robotics, Graphic Design, Autonomous Systems, Animation","Conference, Competition","Both"
"U154","Marketing, Public Speaking, Communication","Marketing, Public Speaking, Product Management","Career Fair, Workshop","Both"
"U155","Network Security, Problem Solving, Digital Forensics, Cryptography, Linux","Network Security, Cybersecurity, Cyber Defense","Conference, Competition","Both"
"U156","3D Design, CAD, Animation","3D Design, Animation, Product Design, Graphic Design","Project Exhibition","Offline"
"U157","Azure, Software Development, Data Analytics, Data Science, Embedded Systems, Problem Solving","Cloud Computing, Artificial Intelligence, Computer Vision, DevOps, Microcontrollers","Tech Talk","Offline"
"U158","SQL, Python, Leadership, Generative AI, Communication, Teamwork","Innovation, Data Science, Computer Vision","Webinar, Seminar","Offline"
"U159","Teamwork, AWS, Azure, Kubernetes, Problem Solving, Software Development","Software Engineering, Cloud Computing, Cloud Architecture","Conference","Both"
"U160","Arduino, VLSI, Digital Electronics","Embedded Systems, VLSI, Digital Electronics","Workshop","Offline"
"U161","Communication, PCB Design, ESP32, Microcontrollers, Digital Electronics","Embedded Systems, PCB Design, Microcontrollers","Hackathon","Online"
"U162","Data Analytics, Python, SQL","Artificial Intelligence, NLP, Computer Vision, Data Analytics","Hackathon, Conference","Offline"
"U163","AWS, Software Development, Linux, Cloud Computing","DevOps, Cloud Architecture, Software Engineering, Cloud Computing","Tech Talk","Both"
"U164","Web Development, Frontend Development, HTML/CSS, React","Open Source, App Development, Backend Development, Frontend Development","Workshop, Hackathon","Offline"
"U165","Circuit Design, Embedded Systems, Microcontrollers, VLSI, PCB Design","Embedded Systems, Digital Electronics, VLSI, Electronics","Seminar","Both"
"U166","Circuit Design, Digital Electronics, Electronics, ESP32, VLSI","Internet of Things, VLSI, Microcontrollers, Electronics","Hackathon","Offline"
"U167","Circuit Design, ESP32, Cryptography, Linux, Problem Solving","Ethical Hacking, Microcontrollers, Digital Forensics, Embedded Systems, Cybersecurity","Conference, Competition","Both"
"U168","Digital Forensics, Kubernetes, Software Development, Problem Solving","Cybersecurity, Software Engineering, Cloud Architecture, Cloud Computing","Seminar","Both"
"U169","Raspberry Pi, Robot Programming, Robotics, Communication","Robotics, 3D Design, UI/UX, Drones","Project Exhibition, Conference","Offline"
"U170","Docker, AWS, Azure","DevOps, Cloud Architecture, Software Engineering","Conference, Tech Talk","Both"
"U171","SQL, Data Analytics, Natural Language Processing, Machine Learning, Generative AI","Data Science, NLP, Data Analytics, Computer Vision","Tech Talk, Conference","Both"
"U172","Digital Forensics, Cybersecurity, Docker, Cloud Computing, Python","Network Security, Cybersecurity, Cyber Defense, Cloud Computing","Tech Talk, Webinar","Offline"
"U173","Web Development, SQL, Backend Development, JavaScript","Backend Development, Open Source, Frontend Development","Bootcamp, Workshop","Both"
"U174","Natural Language Processing, Project Management, Public Speaking, Leadership, Problem Solving","Marketing, Data Science, Innovation, Machine Learning","Workshop, Webinar","Both"
"U175","Cybersecurity, PCB Design, ESP32, VLSI","Electronics, Microcontrollers, Ethical Hacking, Network Security, Embedded Systems","Bootcamp","Offline"
"U176","ESP32, PCB Design, Microcontrollers, Electronics, Embedded Systems","Digital Electronics, Microcontrollers, Embedded Systems, Internet of Things","Workshop","Both"
"U177","Web Development, React, Node.js, Frontend Development, Software Development","Software Engineering, Backend Development, Web Development","Hackathon","Online"
"U178","Video Editing, Content Creation, CAD, Communication, Animation","Animation, UI/UX, Graphic Design","Workshop, Project Exhibition","Both"
"U179","SQL, Deep Learning, Computer Vision, Natural Language Processing","NLP, Artificial Intelligence, Computer Vision","Workshop, Conference","Both"
"U180","Project Management, Innovation, Communication, Teamwork, Public Speaking","Marketing, Entrepreneurship, Product Management, Public Speaking","Seminar","Offline"
"U181","API Development, Graphic Design, React, Technical Writing, SQL, Software Development","Frontend Development, Open Source, 3D Design, Product Design","Workshop, Competition","Offline"
"U182","Project Management, Graphic Design, Content Creation, Animation","Product Design, Graphic Design, Animation","Bootcamp, Conference","Online"
"U183","Linux, Microcontrollers, ESP32, Digital Electronics","PCB Design, Cyber Defense, Internet of Things","Project Exhibition, Competition","Offline"
"U184","Content Creation, UI/UX Design, Video Editing, Teamwork, Communication","Graphic Design, 3D Design, Animation","Project Exhibition","Both"
"U185","CAD, Teamwork, Communication, AWS","Leadership, Entrepreneurship, Cloud Architecture, Cloud Computing, 3D Design, Animation","Bootcamp","Offline"
"U186","Ethical Hacking, Digital Forensics, Network Security, Cybersecurity, Cryptography","Digital Forensics, Network Security, Cybersecurity, Cyber Defense","Conference","Both"
"U187","Project Management, Computer Vision, Innovation, Problem Solving, SQL","Artificial Intelligence, Marketing, Machine Learning, NLP","Career Fair, Bootcamp","Both"
"U188","Circuit Design, PCB Design, ESP32, Microcontrollers, Electronics","Internet of Things, VLSI, PCB Design, Electronics","Seminar, Workshop","Online"
"U189","Network Security, Problem Solving, Cloud Computing, Linux, Ethical Hacking","Cloud Computing, Ethical Hacking, Digital Forensics","Webinar","Offline"
"U190","Docker, Public Speaking, DevOps, App Development, Node.js","Product Management, Cloud Computing, Frontend Development","Competition, Career Fair","Both"
"U191","Sensors, Internet of Things, PCB Design, AWS","Electronics, Autonomous Systems, Microcontrollers, Drones, Software Engineering","Workshop","Both"
"U192","UI/UX Design, Graphic Design, Communication, 3D Design, Animation","UI/UX, 3D Design, Graphic Design, Product Design","Project Exhibition","Both"
"U193","Communication, Innovation, Teamwork, Public Speaking","Leadership, Marketing, Startups","Webinar, Career Fair","Both"
"U194","Teamwork, Kubernetes, Ethical Hacking, Problem Solving, Digital Forensics","Digital Forensics, Cyber Defense, Cloud Architecture, Ethical Hacking, Software Engineering","Seminar, Conference","Both"
"U195","PCB Design, VLSI, Digital Electronics, Electronics","Embedded Systems, PCB Design, Digital Electronics, VLSI","Hackathon, Competition","Offline"
"U196","Machine Learning, Natural Language Processing, Data Analytics","Generative AI, Data Analytics, Machine Learning, Artificial Intelligence","Workshop","Online"
"U197","TypeScript, HTML/CSS, AWS, Frontend Development","Cloud Computing, Open Source, Backend Development","Competition","Offline"
"U198","Project Management, Communication, Marketing, Innovation","Marketing, Leadership, Entrepreneurship, Product Management","Conference","Online"
"U199","Backend Development, Frontend Development, SQL, HTML/CSS","Software Engineering, Frontend Development, Open Source, App Development","Bootcamp","Offline"
"U200","Python, Linux, Project Management, Cybersecurity, Network Security, Cryptography","Digital Forensics, Cyber Defense, Ethical Hacking","Conference, Seminar","Both"
"U201","JavaScript, Web Development, HTML/CSS, Node.js, React","Frontend Development, Web Development, Backend Development","Project Exhibition","Online"
"U202","3D Design, Video Editing, Content Creation","Graphic Design, Animation, 3D Design","Project Exhibition","Both"
"U203","ESP32, Circuit Design, VLSI, Embedded Systems","Microcontrollers, Digital Electronics, PCB Design, Electronics","Project Exhibition","Both"
"U204","Data Science, Natural Language Processing, Machine Learning, Leadership","Artificial Intelligence, Product Management, Data Analytics, Entrepreneurship","Tech Talk","Both"
"U205","Cloud Computing, Data Analytics, Kubernetes, Linux","Cloud Architecture, Software Engineering, Computer Vision, DevOps, Machine Learning","Workshop","Offline"
"U206","Problem Solving, Computer Vision, Cybersecurity, Cryptography","Generative AI, Artificial Intelligence, Digital Forensics, Network Security","Competition","Both"
"U207","ESP32, PCB Design, Digital Electronics","PCB Design, Electronics, Microcontrollers, Digital Electronics","Competition","Online"
"U208","Linux, AWS, Docker, Cloud Computing, Kubernetes","Software Engineering, Cloud Architecture, Cloud Computing, DevOps","Tech Talk","Offline"
"U209","Animation, Graphic Design, UI/UX Design, Content Creation","Graphic Design, UI/UX, Animation","Project Exhibition","Offline"
"U210","Public Speaking, Leadership, Computer Vision, Marketing, Natural Language Processing","Data Analytics, Startups, Leadership, Computer Vision, Entrepreneurship","Webinar, Hackathon","Offline"
"U211","Computer Vision, Natural Language Processing, SQL, Python, Deep Learning","Generative AI, Computer Vision, NLP","Bootcamp","Offline"
"U212","Public Speaking, Project Management, Entrepreneurship","Public Speaking, Entrepreneurship, Startups","Webinar","Offline"
"U213","Computer Vision, Deep Learning, Machine Learning, Generative AI","Data Analytics, Machine Learning, Data Science, NLP","Conference","Offline"
"U214","Problem Solving, Linux, DevOps, Cloud Computing, Azure, Project Management","Cloud Computing, Cloud Architecture, DevOps, Software Engineering","Webinar","Both"
"U215","Computer Vision, Machine Learning, SQL","Computer Vision, Artificial Intelligence, Machine Learning","Workshop","Offline"
"U216","Machine Learning, Python, Computer Vision","Data Analytics, Generative AI, Data Science, NLP","Hackathon, Workshop","Both"
"U217","Problem Solving, SQL, Generative AI, Deep Learning, Data Analytics","Data Analytics, Machine Learning, Computer Vision, Generative AI","Bootcamp, Tech Talk","Offline"
"U218","Microcontrollers, Digital Electronics, VLSI, Circuit Design, Embedded Systems","Microcontrollers, Internet of Things, VLSI, Digital Electronics","Workshop, Seminar","Both"
"U219","Electronics, Microcontrollers, ESP32, Embedded Systems","Microcontrollers, Embedded Systems, Digital Electronics","Competition","Offline"
"U220","Electronics, ESP32, Digital Forensics, Cryptography, Digital Electronics","VLSI, PCB Design, Digital Electronics, Cybersecurity","Conference","Offline"
"U221","Project Management, Python, Digital Marketing, Public Speaking, Communication, Data Analytics","Machine Learning, NLP, Leadership, Marketing","Seminar","Offline"
"U222","Robot Programming, Internet of Things, Automation, Drone Technology","Autonomous Systems, Smart Devices, Internet of Things","Competition, Hackathon","Online"
"U223","Robot Programming, Problem Solving, Internet of Things, Animation, Actuators","UI/UX, Graphic Design, Smart Devices, Automation","Workshop","Online"
"U224","Internet of Things, Embedded Systems, Sensors, UI/UX Design","UI/UX, Smart Devices, Drones, Automation","Bootcamp, Hackathon","Offline"
"U225","Innovation, Digital Marketing, Marketing, Communication, Project Management","Entrepreneurship, Product Management, Public Speaking","Webinar","Offline"
"U226","Technical Writing, Sensors, Automation, Embedded Systems, Robotics","Robotics, Smart Devices, Autonomous Systems","Workshop","Offline"
"U227","JavaScript, API Development, Software Development, SQL, Web Development","App Development, Frontend Development, Web Development, Software Engineering","Project Exhibition, Bootcamp","Both"
"U228","Cryptography, Network Security, Linux","Digital Forensics, Network Security, Ethical Hacking","Workshop, Competition","Offline"
"U229","3D Design, Technical Writing, Content Creation, CAD, Communication","3D Design, Graphic Design, UI/UX, Product Design","Bootcamp","Online"
"U230","Content Creation, Communication, 3D Design, Video Editing, CAD, Animation","3D Design, Graphic Design, UI/UX, Product Design","Bootcamp, Conference","Offline"
"U231","Python, Cryptography, Problem Solving","Digital Forensics, Ethical Hacking, Network Security, Cyber Defense","Workshop, Competition","Offline"
"U232","Python, Ethical Hacking, Network Security, Cybersecurity, Linux","Cybersecurity, Cyber Defense, Network Security, Ethical Hacking","Conference","Online"
"U233","Robotics, Actuators, Robot Programming, Internet of Things, Arduino","Internet of Things, Autonomous Systems, Drones","Project Exhibition","Offline"
"U234","Teamwork, Python, Machine Learning, Natural Language Processing, Problem Solving, Generative AI","Data Analytics, Data Science, Machine Learning","Workshop","Online"
"U235","Python, Product Management, Innovation, Problem Solving, Computer Vision","Product Management, Data Analytics, Computer Vision","Tech Talk, Hackathon","Online"
"U236","Python, Data Analytics, Linux, Network Security, Machine Learning","Cyber Defense, Data Science, Computer Vision","Conference, Seminar","Both"
"U237","UI/UX Design, Video Editing, Teamwork, 3D Design, Graphic Design, CAD","3D Design, Graphic Design, Animation","Conference","Online"
"U238","Circuit Design, Electronics, VLSI","Internet of Things, Electronics, Digital Electronics, PCB Design","Workshop, Project Exhibition","Both"
"U239","Arduino, Cryptography, VLSI, Digital Electronics, Ethical Hacking","Autonomous Systems, Embedded Systems, Network Security","Workshop","Both"
"U240","Azure, Kubernetes, Software Development","DevOps, Software Engineering, Cloud Architecture","Conference, Workshop","Online"
"U241","Internet of Things, Sensors, Arduino, Embedded Systems","Smart Devices, Drones, Internet of Things","Workshop, Competition","Online"
"U242","Project Management, Public Speaking, React, ESP32, Embedded Systems","App Development, Web Development, Embedded Systems, Innovation, Internet of Things","Webinar","Online"
"U243","Video Editing, React, Backend Development, SQL, UI/UX Design, JavaScript","App Development, Frontend Development, Graphic Design, Software Engineering","Competition","Offline"
"U244","Computer Vision, Data Science, Machine Learning, Deep Learning, Problem Solving","Artificial Intelligence, Data Science, Machine Learning, Data Analytics","Tech Talk","Offline"
"U245","Sensors, Internet of Things, Embedded Systems, Actuators, Raspberry Pi","Smart Devices, Robotics, Internet of Things, Autonomous Systems","Competition","Online"
"U246","Content Creation, 3D Design, Product Management, CAD, Animation","Animation, UI/UX, Innovation","Career Fair","Both"
"U247","Network Security, Cryptography, Linux, Ethical Hacking","Cybersecurity, Ethical Hacking, Network Security, Cyber Defense","Bootcamp, Seminar","Offline"
"U248","Software Development, React, Leadership, Frontend Development","Frontend Development, Web Development, Software Engineering, Backend Development","Hackathon, Competition","Online"
"U249","Problem Solving, Computer Vision, Data Science, Deep Learning, Generative AI","Computer Vision, Generative AI, Data Analytics","Bootcamp, Hackathon","Offline"
"U250","Cloud Computing, Problem Solving, Software Development, Kubernetes","Cloud Computing, DevOps, Cloud Architecture","Tech Talk, Webinar","Offline"
"U251","Web Development, TypeScript, HTML/CSS, Azure, DevOps","Web Development, Open Source, DevOps","Tech Talk, Competition","Online"
"U252","AWS, Software Development, Kubernetes, Docker","Cloud Architecture, DevOps, Software Engineering, Cloud Computing","Workshop, Tech Talk","Both"
"U253","Generative AI, Deep Learning, Computer Vision, Natural Language Processing, Machine Learning","Artificial Intelligence, NLP, Generative AI, Machine Learning","Bootcamp","Both"
"U254","Digital Electronics, Digital Forensics, Microcontrollers, Arduino, Ethical Hacking, Embedded Systems","VLSI, Ethical Hacking, Digital Electronics, PCB Design","Competition, Conference","Online"
"U255","HTML/CSS, API Development, Frontend Development","Software Engineering, Open Source, Backend Development","Competition","Both"
"U256","Cryptography, Software Development, Network Security, Docker, Problem Solving","Cloud Computing, Network Security, Cyber Defense","Tech Talk","Both"
"U257","Business Strategy, Public Speaking, Digital Marketing, Project Management, UI/UX Design, 3D Design","UI/UX, Leadership, Marketing, 3D Design, Innovation","Workshop","Offline"
"U258","Drone Technology, Embedded Systems, Automation, Sensors, Communication, Actuators","Smart Devices, Robotics, Autonomous Systems","Hackathon","Online"
"U259","Machine Learning, Python, Generative AI, Problem Solving, Deep Learning","Data Analytics, Generative AI, Machine Learning","Hackathon","Offline"
"U260","Communication, Teamwork, Leadership, Digital Marketing, Web Development, API Development, Project Management","Public Speaking, Backend Development, Startups, Innovation","Workshop, Seminar","Online"
"U261","Python, Computer Vision, Problem Solving, Data Science","Computer Vision, Data Science, Generative AI","Tech Talk","Both"
"U262","Robot Programming, Sensors, Arduino, Automation, Internet of Things","Smart Devices, Automation, Autonomous Systems","Project Exhibition","Both"
"U263","TypeScript, SQL, Communication, Web Development, React, Project Management","UI/UX, Software Engineering, Product Design, Open Source","Hackathon, Conference","Offline"
"U264","Network Security, Ethical Hacking, Digital Forensics, Cryptography","Digital Forensics, Network Security, Ethical Hacking","Conference","Online"
"U265","Raspberry Pi, Automation, Embedded Systems, ESP32, VLSI","Autonomous Systems, Embedded Systems, Smart Devices, Electronics","Competition","Both"
"U266","Drone Technology, Embedded Systems, PCB Design, Circuit Design, Digital Electronics, Project Management","Robotics, Electronics, Internet of Things, PCB Design","Workshop","Both"
"U267","Circuit Design, Leadership, Microcontrollers, Problem Solving, Embedded Systems","Embedded Systems, PCB Design, Cyber Defense, Electronics","Project Exhibition, Workshop","Both"
"U268","Product Management, Communication, Digital Marketing, Leadership, Marketing","Product Management, Entrepreneurship, Startups","Career Fair","Offline"
"U269","Graphic Design, UI/UX Design, 3D Design","UI/UX, Animation, 3D Design","Conference","Online"
"U270","Machine Learning, Problem Solving, Generative AI, Natural Language Processing, SQL","Digital Forensics, NLP, Cyber Defense, Machine Learning","Hackathon","Both"
"U271","Problem Solving, Azure, Data Science, Data Analytics, SQL","Generative AI, Software Engineering, Data Analytics","Workshop, Webinar","Offline"
"U272","Arduino, PCB Design, Circuit Design, VLSI, Electronics","PCB Design, Embedded Systems, Digital Electronics","Seminar","Both"
"U273","AWS, HTML/CSS, Cryptography, Docker, Cybersecurity, App Development","Backend Development, Ethical Hacking, Network Security, Software Engineering","Seminar, Tech Talk","Both"
"U274","Data Analytics, Python, Generative AI, Problem Solving, Computer Vision, SQL","Generative AI, Data Science, Data Analytics","Hackathon","Offline"
"U275","Robotics, Problem Solving, Embedded Systems, Actuators, Sensors, Drone Technology","Autonomous Systems, Drones, Automation","Workshop","Both"
"U276","Leadership, Product Management, Innovation","Product Management, Startups, Innovation","Seminar","Offline"
"U277","Animation, CAD, Communication, Video Editing, Graphic Design","Animation, Graphic Design, Product Design","Conference, Project Exhibition","Offline"
"U278","VLSI, Microcontrollers, Circuit Design, Problem Solving, ESP32","Electronics, Digital Electronics, Microcontrollers, Internet of Things","Project Exhibition, Competition","Online"
"U279","React, JavaScript, TypeScript, Node.js, HTML/CSS","Software Engineering, App Development, Backend Development","Workshop, Bootcamp","Offline"
"U280","Business Strategy, Project Management, Product Management","Innovation, Startups, Product Management","Career Fair","Both"
"U281","Drone Technology, Internet of Things, Automation, Actuators, Arduino, Technical Writing","Robotics, Drones, Autonomous Systems","Hackathon","Offline"
"U282","React, Backend Development, JavaScript, Problem Solving, App Development","Web Development, Open Source, Backend Development","Project Exhibition, Bootcamp","Offline"
"U283","Product Management, Natural Language Processing, Computer Vision, SQL, Generative AI","NLP, Generative AI, Leadership, Computer Vision","Career Fair","Online"
"U284","Ethical Hacking, Linux, Problem Solving, Digital Forensics","Cyber Defense, Ethical Hacking, Digital Forensics","Bootcamp","Online"
"U285","Content Creation, Teamwork, CAD, Video Editing, Graphic Design","UI/UX, Product Management, Graphic Design","Career Fair, Webinar","Offline"
"U286","CAD, Embedded Systems, Internet of Things, Arduino, Animation","3D Design, Graphic Design, Internet of Things, Robotics","Competition, Hackathon","Offline"
"U287","Backend Development, React, Software Development, Entrepreneurship, TypeScript, Innovation","App Development, Innovation, Software Engineering","Project Exhibition","Both"
"U288","PCB Design, VLSI, Circuit Design, Arduino, ESP32","Embedded Systems, Microcontrollers, VLSI","Workshop","Online"
"U289","API Development, CAD, UI/UX Design, Communication, Graphic Design","Backend Development, UI/UX, Animation","Competition","Online"
"U290","Data Analytics, Python, Machine Learning, Cybersecurity","Data Science, Cyber Defense, Data Analytics, Ethical Hacking, Machine Learning","Workshop, Bootcamp","Online"
"U291","Embedded Systems, Arduino, Actuators, Internet of Things, Automation, Teamwork","Drones, Automation, Internet of Things, Autonomous Systems","Workshop","Both"
"U292","Electronics, Communication, PCB Design, Microcontrollers, Circuit Design, Ethical Hacking","Digital Forensics, Microcontrollers, VLSI, PCB Design","Bootcamp","Online"
"U293","Product Management, TypeScript, Digital Marketing, Internet of Things","Robotics, Leadership, Public Speaking, Frontend Development, Internet of Things","Competition","Offline"
"U294","JavaScript, API Development, React","Backend Development, Web Development, Software Engineering","Hackathon, Competition","Both"
"U295","Docker, Software Development, Problem Solving, DevOps","Cloud Architecture, Software Engineering, DevOps","Tech Talk","Offline"
"U296","Product Management, Business Strategy, Natural Language Processing, Deep Learning, Data Science","Computer Vision, Leadership, Data Analytics, Marketing","Career Fair, Bootcamp","Both"
"U297","Embedded Systems, Drone Technology, Actuators, Arduino","Microcontrollers, Drones, VLSI, Automation, Robotics","Hackathon, Workshop","Online"
"U298","Project Management, Docker, Problem Solving, Kubernetes, DevOps, Python, Cloud Computing","Software Engineering, Generative AI, NLP, DevOps, Cloud Computing","Workshop, Webinar","Online"
"U299","React, API Development, Problem Solving, Frontend Development","Generative AI, App Development, Backend Development, Web Development, Machine Learning","Project Exhibition","Online"
"U300","Docker, AWS, Azure, DevOps, Cloud Computing","Software Engineering, Cloud Architecture, DevOps","Conference","Both"
"U301","Problem Solving, Cybersecurity, Cryptography","Ethical Hacking, Digital Forensics, Network Security","Competition","Both"
"U302","Software Development, JavaScript, HTML/CSS, Node.js","Web Development, Software Engineering, App Development, Frontend Development","Hackathon, Competition","Offline"
"U303","HTML/CSS, Problem Solving, Node.js, Web Development, React","Machine Learning, Web Development, Data Analytics, Backend Development","Workshop","Both"
"U304","PCB Design, Digital Electronics, Digital Forensics, Problem Solving, Python","Network Security, Digital Forensics, Ethical Hacking, VLSI","Bootcamp","Offline"
"U305","Electronics, Web Development, JavaScript, Teamwork, Entrepreneurship","Electronics, Public Speaking, Internet of Things, Open Source, Entrepreneurship, Frontend Development","Seminar","Offline"
"U306","Arduino, Embedded Systems, Actuators, Problem Solving, Internet of Things","Drones, Smart Devices, Internet of Things, Robotics","Project Exhibition, Competition","Offline"
"U307","HTML/CSS, 3D Design, CAD, Web Development, Communication, UI/UX Design","Graphic Design, 3D Design, UI/UX, Open Source","Hackathon, Conference","Online"
"U308","Business Strategy, Product Management, Communication, Public Speaking","Leadership, Product Design, Startups","Seminar","Offline"
"U309","Teamwork, UI/UX Design, 3D Design, Business Strategy, Project Management","Startups, Marketing, Product Management, Graphic Design","Project Exhibition, Webinar","Both"
"U310","Actuators, Robotics, Digital Electronics, Automation","PCB Design, Automation, Smart Devices","Workshop, Competition","Offline"
"U311","Public Speaking, Business Strategy, Entrepreneurship","Entrepreneurship, Innovation, Startups","Career Fair, Workshop","Offline"
"U312","Embedded Systems, Leadership, Actuators, Sensors, Automation, Computer Vision","Machine Learning, Robotics, Internet of Things","Tech Talk","Offline"
"U313","AWS, Software Development, Kubernetes, Deep Learning","Cloud Architecture, Computer Vision, Software Engineering","Tech Talk","Both"
"U314","Embedded Systems, Actuators, Video Editing, UI/UX Design, Animation","Drones, Animation, 3D Design","Competition","Both"
"U315","Entrepreneurship, Digital Marketing, Communication","Public Speaking, Entrepreneurship, Leadership","Seminar","Both"
"U316","Animation, Software Development, Content Creation, HTML/CSS, 3D Design","Open Source, Frontend Development, 3D Design, Animation","Bootcamp","Offline"
"U317","Embedded Systems, PCB Design, Digital Electronics, Electronics","Microcontrollers, PCB Design, Internet of Things, Embedded Systems","Hackathon","Online"
"U318","3D Design, UI/UX Design, Video Editing, Content Creation, Backend Development","UI/UX, 3D Design, App Development","Hackathon, Workshop","Online"
"U319","Embedded Systems, Digital Electronics, ESP32, PCB Design, Project Management, Actuators","PCB Design, Microcontrollers, Digital Electronics, Internet of Things, Autonomous Systems","Hackathon","Offline"
"U320","Cryptography, Ethical Hacking, Network Security, Communication, Problem Solving, Cybersecurity","Digital Forensics, Cybersecurity, Network Security, Cyber Defense","Conference","Online"
"U321","JavaScript, HTML/CSS, Leadership, Frontend Development, React","App Development, Software Engineering, Open Source, Backend Development","Project Exhibition","Both"
"U322","CAD, Content Creation, Video Editing, UI/UX Design, Animation","Animation, Product Design, UI/UX, Graphic Design","Conference, Project Exhibition","Both"
"U323","Deep Learning, Ethical Hacking, SQL, Computer Vision, Generative AI, Digital Forensics","Data Science, Computer Vision, Generative AI, Digital Forensics","Workshop, Seminar","Online"
"U324","Arduino, Electronics, VLSI, Cybersecurity, Microcontrollers, Python","Electronics, Internet of Things, Digital Electronics, Cyber Defense, Cybersecurity","Conference, Competition","Both"
"U325","Drone Technology, Automation, Arduino","Robotics, Autonomous Systems, Smart Devices","Workshop, Hackathon","Both"
"U326","Robot Programming, Drone Technology, Actuators, Embedded Systems","Robotics, Internet of Things, Autonomous Systems","Competition","Online"
"U327","Cybersecurity, Network Security, Cryptography, Ethical Hacking","Digital Forensics, Ethical Hacking, Cyber Defense","Workshop","Both"
"U328","Software Development, Cloud Computing, Azure, JavaScript, Docker, Linux","Backend Development, DevOps, Cloud Architecture","Conference, Hackathon","Offline"
"U329","Embedded Systems, Digital Electronics, PCB Design, Circuit Design, ESP32","PCB Design, Microcontrollers, Embedded Systems, Internet of Things","Project Exhibition, Workshop","Online"
"U330","Video Editing, Content Creation, UI/UX Design, Project Management","Graphic Design, Animation, Product Design, UI/UX","Project Exhibition, Bootcamp","Online"
"U331","Microcontrollers, PCB Design, Embedded Systems, Electronics, Arduino","PCB Design, Electronics, Microcontrollers","Project Exhibition","Offline"
"U332","PCB Design, Video Editing, Product Management, Communication, Embedded Systems","PCB Design, Startups, Leadership, 3D Design, Animation","Hackathon, Project Exhibition","Offline"
"U333","Problem Solving, Digital Electronics, Cybersecurity, Digital Forensics, Python","PCB Design, Cyber Defense, Digital Forensics, Cybersecurity, Electronics","Workshop","Offline"
"U334","ESP32, Embedded Systems, Circuit Design, PCB Design","Internet of Things, VLSI, Digital Electronics, PCB Design","Hackathon","Offline"
"U335","Data Science, Machine Learning, Deep Learning, Python","NLP, Computer Vision, Data Science, Artificial Intelligence","Bootcamp","Online"
"U336","Generative AI, Machine Learning, Data Analytics","Artificial Intelligence, Data Analytics, NLP, Generative AI","Bootcamp","Offline"
"U337","Project Management, Graphic Design, Communication, API Development, HTML/CSS, SQL","Open Source, Web Development, 3D Design, Software Engineering, Graphic Design","Hackathon","Online"
"U338","Backend Development, API Development, Web Development","Software Engineering, Open Source, Frontend Development, Web Development","Hackathon, Bootcamp","Offline"
"U339","Circuit Design, ESP32, Digital Electronics, PCB Design, Robotics, Drone Technology","PCB Design, Smart Devices, Internet of Things, Electronics","Hackathon","Online"
"U340","JavaScript, Frontend Development, SQL, Backend Development","Web Development, App Development, Software Engineering","Workshop, Bootcamp","Both"
"U341","Marketing, Digital Marketing, Entrepreneurship, Public Speaking, Leadership","Entrepreneurship, Marketing, Product Management, Innovation","Webinar","Both"
"U342","Cloud Computing, Linux, Problem Solving, Kubernetes, Docker","Cloud Architecture, DevOps, Cloud Computing","Bootcamp","Offline"
"U343","Node.js, React, Marketing, Frontend Development, SQL","Web Development, Leadership, Frontend Development, Backend Development, Public Speaking","Project Exhibition","Both"
"U344","VLSI, Arduino, Embedded Systems, ESP32, Digital Electronics","PCB Design, Microcontrollers, Electronics","Hackathon, Workshop","Both"
"U345","VLSI, PCB Design, Embedded Systems","Digital Electronics, Embedded Systems, PCB Design, VLSI","Seminar, Hackathon","Offline"
"U346","Linux, Cryptography, Python, Leadership, Electronics","Network Security, Internet of Things, Cybersecurity, Digital Electronics","Seminar","Both"
"U347","Communication, Content Creation, UI/UX Design","3D Design, UI/UX, Animation","Workshop, Project Exhibition","Online"
"U348","Embedded Systems, VLSI, Leadership, Arduino","VLSI, Internet of Things, Digital Electronics","Hackathon","Both"
"U349","PCB Design, Arduino, Raspberry Pi, Electronics, ESP32, Internet of Things","Digital Electronics, Automation, PCB Design","Competition","Offline"
"U350","Problem Solving, Azure, Docker, AWS","DevOps, Software Engineering, Cloud Architecture, Cloud Computing","Bootcamp","Both"
"U351","Circuit Design, Digital Electronics, VLSI, Actuators, Microcontrollers","Electronics, Microcontrollers, Drones, VLSI, Robotics","Competition","Both"
"U352","Teamwork, Cybersecurity, Communication, Data Analytics","Startups, Data Analytics, Digital Forensics, Ethical Hacking","Hackathon","Online"
"U353","SQL, App Development, Teamwork, Node.js, Docker, TypeScript","Cloud Computing, Open Source, Backend Development, Software Engineering","Project Exhibition, Hackathon","Both"
"U354","VLSI, Digital Electronics, Arduino, Electronics","Electronics, Microcontrollers, Internet of Things","Hackathon","Both"
"U355","VLSI, Circuit Design, Digital Electronics, Embedded Systems","Internet of Things, Digital Electronics, PCB Design, VLSI","Project Exhibition","Offline"
"U356","React, HTML/CSS, TypeScript, SQL, Backend Development","Frontend Development, Web Development, Backend Development","Project Exhibition","Offline"
"U357","DevOps, Linux, Docker, Problem Solving, Kubernetes, Cybersecurity","Cloud Computing, Ethical Hacking, Cybersecurity, DevOps","Seminar, Competition","Both"
"U358","Software Development, SQL, JavaScript","App Development, Frontend Development, Backend Development, Open Source","Workshop","Offline"
"U359","Azure, Software Development, Kubernetes, AWS","Software Engineering, Cloud Computing, Cloud Architecture, DevOps","Conference","Offline"
"U360","Ethical Hacking, Cryptography, Python, Digital Forensics","Ethical Hacking, Cyber Defense, Cybersecurity, Digital Forensics","Workshop","Offline"
"U361","Public Speaking, Project Management, Leadership, Teamwork","Entrepreneurship, Marketing, Leadership","Career Fair","Both"
"U362","Problem Solving, Raspberry Pi, Embedded Systems, Data Science, Natural Language Processing","Artificial Intelligence, Autonomous Systems, Computer Vision, Internet of Things, Generative AI","Competition","Offline"
"U363","Node.js, Web Development, Backend Development, Frontend Development","Frontend Development, Backend Development, App Development","Bootcamp","Offline"
"U364","Animation, 3D Design, Video Editing, CAD, Technical Writing","Animation, 3D Design, Graphic Design","Conference","Both"
"U365","Generative AI, Machine Learning, Natural Language Processing","NLP, Computer Vision, Data Science, Artificial Intelligence","Hackathon","Offline"
"U366","Arduino, Robotics, Robot Programming, Automation","Drones, Internet of Things, Automation, Robotics","Project Exhibition, Hackathon","Offline"
"U367","React, Problem Solving, Backend Development, Content Creation, SQL","Graphic Design, Open Source, Web Development","Hackathon","Both"
"U368","CAD, UI/UX Design, Content Creation, 3D Design, Animation","Animation, 3D Design, UI/UX","Workshop","Both"
"U369","Digital Forensics, Embedded Systems, Linux, Cryptography","Cybersecurity, Internet of Things, Digital Forensics","Workshop, Competition","Online"
"U370","Cryptography, Machine Learning, Network Security, Problem Solving, Linux","Digital Forensics, Generative AI, Data Science, Cybersecurity, Cyber Defense","Hackathon, Bootcamp","Both"
"U371","Leadership, Teamwork, Entrepreneurship, Product Management","Marketing, Entrepreneurship, Innovation","Workshop","Both"
"U372","Software Development, Python, Project Management, Data Analytics, Data Science","NLP, Machine Learning, Generative AI, Cloud Computing","Hackathon, Bootcamp","Both"
"U373","Linux, Cybersecurity, Digital Forensics","Cybersecurity, Network Security, Ethical Hacking","Competition","Offline"
"U374","Python, Data Science, SQL","Artificial Intelligence, NLP, Machine Learning","Tech Talk","Offline"
"U375","Circuit Design, Microcontrollers, Automation, Robotics, Sensors","Drones, Electronics, Autonomous Systems, VLSI","Workshop, Competition","Offline"
"U376","VLSI, Software Development, Circuit Design, Python","Cyber Defense, Microcontrollers, DevOps","Bootcamp, Conference","Offline"
"U377","ESP32, PCB Design, Microcontrollers, VLSI","Microcontrollers, VLSI, Electronics","Hackathon, Seminar","Both"
"U378","Teamwork, App Development, SQL, Frontend Development","App Development, Leadership, Software Engineering, Marketing","Project Exhibition","Both"
"U379","API Development, SQL, Web Development, Backend Development, Frontend Development","Frontend Development, Open Source, App Development, Web Development","Workshop","Both"
"U380","Computer Vision, Natural Language Processing, Problem Solving, Azure, Data Science, Generative AI","Cloud Computing, DevOps, Machine Learning, Data Analytics","Bootcamp","Online"
"U381","Arduino, Microcontrollers, Internet of Things, Communication, ESP32, Embedded Systems","Digital Electronics, Autonomous Systems, Robotics, VLSI","Hackathon, Competition","Offline"
"U382","Digital Forensics, Network Security, Problem Solving, Cybersecurity","Digital Forensics, Ethical Hacking, Cybersecurity, Network Security","Seminar, Competition","Offline"
"U383","Digital Electronics, Arduino, Embedded Systems, Electronics","Microcontrollers, Embedded Systems, Internet of Things, Digital Electronics","Seminar","Both"
"U384","Ethical Hacking, Linux, Cryptography, Cybersecurity","Digital Forensics, Ethical Hacking, Cybersecurity","Bootcamp, Competition","Online"
"U385","HTML/CSS, React, TypeScript, JavaScript, Web Development","Frontend Development, Software Engineering, Backend Development","Bootcamp","Both"
"U386","Innovation, Teamwork, Business Strategy, Entrepreneurship, Public Speaking","Marketing, Product Management, Leadership","Workshop","Both"
"U387","Arduino, Python, Generative AI, Sensors, Robot Programming","Drones, Data Science, Automation, NLP","Bootcamp","Both"
"U388","Graphic Design, Video Editing, UI/UX Design, Animation","Graphic Design, Product Design, 3D Design","Bootcamp","Online"
"U389","UI/UX Design, Automation, Content Creation, Graphic Design","Product Design, Graphic Design, Drones, Automation, UI/UX","Project Exhibition","Both"
"U390","HTML/CSS, App Development, Azure, DevOps, Software Development","Cloud Architecture, Open Source, Software Engineering, DevOps, Cloud Computing","Bootcamp, Conference","Both"
"U391","Node.js, JavaScript, Leadership, Software Development, Web Development","Frontend Development, Leadership, Backend Development, Marketing","Workshop","Online"
"U392","Python, Deep Learning, Data Analytics, Natural Language Processing, Computer Vision","Machine Learning, Artificial Intelligence, Data Analytics","Bootcamp","Online"
"U393","UI/UX Design, Teamwork, Communication, Embedded Systems, Graphic Design, Content Creation","Animation, 3D Design, Automation","Hackathon, Conference","Offline"
"U394","Cloud Computing, Software Development, Azure, DevOps, Docker","DevOps, Cloud Computing, Software Engineering","Workshop, Bootcamp","Online"
"U395","SQL, Problem Solving, Technical Writing, Generative AI","Computer Vision, Data Science, Data Analytics","Workshop, Tech Talk","Offline"
"U396","Entrepreneurship, Leadership, Marketing, Public Speaking, Digital Marketing","Public Speaking, Leadership, Startups","Workshop","Online"
"U397","API Development, Backend Development, React, Software Development, TypeScript, Leadership","Frontend Development, Software Engineering, Backend Development, App Development","Bootcamp","Both"
"U398","UI/UX Design, Content Creation, 3D Design, Graphic Design, CAD","Animation, Product Design, Graphic Design","Conference","Online"
"U399","Robot Programming, Raspberry Pi, Robotics, Automation, Internet of Things","Autonomous Systems, Automation, Drones","Hackathon, Workshop","Online"
"U400","Automation, Raspberry Pi, Sensors","Drones, Robotics, Internet of Things","Hackathon, Workshop","Offline"
"U401","Docker, Communication, Machine Learning, AWS, Azure, Data Analytics","Cloud Computing, NLP, DevOps, Generative AI","Hackathon","Offline"
"U402","Python, Network Security, Problem Solving, Ethical Hacking, Cybersecurity","Cybersecurity, Digital Forensics, Ethical Hacking","Bootcamp","Offline"
"U403","Computer Vision, Machine Learning, Python","Machine Learning, Computer Vision, NLP, Data Science","Conference","Online"
"U404","Problem Solving, Digital Forensics, Teamwork, Network Security","Cybersecurity, Digital Forensics, Network Security","Workshop, Competition","Both"
"U405","Innovation, Business Strategy, Public Speaking, Product Management","Startups, Public Speaking, Leadership","Conference, Seminar","Online"
"U406","Linux, DevOps, Kubernetes","Cloud Architecture, Cloud Computing, DevOps","Webinar, Bootcamp","Online"
"U407","Robot Programming, Arduino, Technical Writing, Robotics, Automation, Actuators","Internet of Things, Smart Devices, Autonomous Systems","Competition","Both"
"U408","Ethical Hacking, Cryptography, Network Security","Cybersecurity, Network Security, Ethical Hacking","Seminar, Workshop","Online"
"U409","Ethical Hacking, Software Development, Leadership, 3D Design, Problem Solving","UI/UX, Digital Forensics, Software Engineering, Frontend Development","Seminar, Project Exhibition","Offline"
"U410","Robot Programming, Software Development, Robotics, Marketing","Web Development, Entrepreneurship, Public Speaking, Robotics","Project Exhibition","Offline"
"U411","Actuators, Robotics, Raspberry Pi, Arduino, Automation","Smart Devices, Drones, Autonomous Systems, Robotics","Hackathon","Online"
"U412","Microcontrollers, Graphic Design, CAD, Cloud Computing, Communication","Product Design, Embedded Systems, PCB Design, DevOps, Cloud Architecture","Workshop, Bootcamp","Both"
"U413","Innovation, HTML/CSS, React, Business Strategy, Backend Development, SQL","Leadership, Open Source, Startups, Frontend Development, Web Development","Project Exhibition, Conference","Online"
"U414","Electronics, PCB Design, Circuit Design, Digital Electronics","Electronics, VLSI, Microcontrollers","Project Exhibition, Seminar","Offline"
"U415","Software Development, Project Management, Frontend Development, Business Strategy, Teamwork","Startups, Entrepreneurship, Backend Development","Bootcamp, Competition","Online"
"U416","UI/UX Design, Communication, Content Creation, 3D Design, Graphic Design","Animation, 3D Design, UI/UX","Bootcamp","Both"
"U417","Backend Development, Problem Solving, SQL, API Development","App Development, Web Development, Open Source","Hackathon, Workshop","Offline"
"U418","Computer Vision, Data Science, Machine Learning","Artificial Intelligence, Machine Learning, Data Science, NLP","Bootcamp, Workshop","Online"
"U419","Problem Solving, DevOps, Azure, Kubernetes, Software Development","Software Engineering, DevOps, Cloud Computing, Cloud Architecture","Tech Talk","Both"
"U420","Generative AI, Natural Language Processing, Data Analytics, Machine Learning, Data Science","Generative AI, NLP, Data Science, Data Analytics","Bootcamp","Offline"
"U421","AWS, Linux, DevOps","Cloud Computing, DevOps, Software Engineering, Cloud Architecture","Workshop, Webinar","Both"
"U422","Problem Solving, Ethical Hacking, Linux, Teamwork","Network Security, Cybersecurity, Ethical Hacking, Digital Forensics","Bootcamp, Seminar","Online"
"U423","Data Analytics, Leadership, Data Science, Machine Learning, Python","NLP, Artificial Intelligence, Machine Learning","Conference","Offline"
"U424","Arduino, Embedded Systems, Microcontrollers","Internet of Things, VLSI, Drones, Autonomous Systems","Workshop","Offline"
"U425","Leadership, Business Strategy, Computer Vision, Problem Solving, Marketing, Project Management","Generative AI, Leadership, Public Speaking, Product Management, NLP","Workshop","Online"
"U426","Machine Learning, Sensors, Generative AI, Communication, SQL, Python","Robotics, Data Analytics, Generative AI","Tech Talk","Both"
"U427","Public Speaking, Business Strategy, Leadership","Marketing, Product Management, Entrepreneurship, Startups","Conference","Both"
"U428","DevOps, TypeScript, Kubernetes, HTML/CSS, App Development","Open Source, Software Engineering, Backend Development, DevOps","Competition, Webinar","Both"
"U429","Graphic Design, Communication, Content Creation, 3D Design","3D Design, Product Design, UI/UX","Bootcamp","Both"
"U430","Internet of Things, Arduino, Automation","Autonomous Systems, Automation, Drones","Workshop","Offline"
"U431","Internet of Things, Actuators, Arduino, Robotics","Smart Devices, Robotics, Internet of Things","Competition, Project Exhibition","Both"
"U432","ESP32, Arduino, Cryptography, Digital Electronics, Embedded Systems","Embedded Systems, Microcontrollers, Network Security, VLSI","Project Exhibition","Both"
"U433","Machine Learning, Computer Vision, Data Analytics, Arduino, Natural Language Processing","NLP, Drones, Computer Vision","Project Exhibition","Both"
"U434","CAD, UI/UX Design, Animation, 3D Design, Content Creation","UI/UX, Animation, 3D Design, Graphic Design","Project Exhibition, Workshop","Both"
"U435","Digital Forensics, Embedded Systems, Electronics, Circuit Design","PCB Design, Microcontrollers, Digital Forensics, Cybersecurity","Project Exhibition, Hackathon","Both"
"U436","Robotics, Arduino, Internet of Things","Robotics, Autonomous Systems, Internet of Things, Automation","Workshop","Offline"
"U437","Software Development, Azure, Docker, Problem Solving","Cloud Computing, DevOps, Cloud Architecture","Workshop, Webinar","Both"
"U438","Problem Solving, Computer Vision, Data Analytics, Machine Learning, SQL","Data Science, Data Analytics, Artificial Intelligence, NLP","Conference, Tech Talk","Offline"
"U439","UI/UX Design, Video Editing, 3D Design, Content Creation, Graphic Design","Animation, 3D Design, Graphic Design, Product Design","Conference, Project Exhibition","Online"
"U440","Electronics, PCB Design, Circuit Design, Arduino, Microcontrollers","VLSI, Internet of Things, Electronics, Digital Electronics","Seminar","Both"
"U441","Graphic Design, Animation, Communication, UI/UX Design","UI/UX, Animation, 3D Design","Project Exhibition","Both"
"U442","Electronics, Microcontrollers, ESP32","Electronics, PCB Design, VLSI","Workshop, Seminar","Online"
"U443","Data Analytics, Project Management, Innovation, SQL, Leadership, Product Management","Entrepreneurship, Artificial Intelligence, Public Speaking, Product Management","Career Fair, Bootcamp","Online"
"U444","App Development, React, TypeScript, Software Development, JavaScript","Software Engineering, Frontend Development, App Development","Bootcamp","Online"
"U445","Docker, App Development, API Development, SQL","Cloud Architecture, DevOps, App Development, Open Source","Competition","Both"
"U446","Natural Language Processing, SQL, Generative AI, Computer Vision, Data Science","Generative AI, Computer Vision, Data Analytics, Data Science","Hackathon","Both"
"U447","Data Science, Data Analytics, Embedded Systems, Docker, AWS","Artificial Intelligence, Drones, Cloud Architecture, Internet of Things","Project Exhibition","Offline"
"U448","SQL, Machine Learning, Problem Solving, Arduino, Automation, Data Analytics","Robotics, Generative AI, Artificial Intelligence, Data Science","Conference, Workshop","Both"
"U449","Network Security, Problem Solving, Cryptography, Digital Forensics, Python","Cybersecurity, Network Security, Digital Forensics","Workshop","Offline"
"U450","Actuators, Arduino, Raspberry Pi, Automation, Drone Technology","Internet of Things, Autonomous Systems, Robotics","Hackathon, Workshop","Both"
"U451","SQL, React, API Development","Frontend Development, App Development, Backend Development","Bootcamp","Both"
"U452","Drone Technology, Raspberry Pi, Robotics, Sensors","Drones, Internet of Things, Autonomous Systems, Automation","Competition","Both"
"U453","Arduino, Robotics, Internet of Things, Circuit Design, Electronics","Drones, Robotics, Automation, Electronics","Competition, Workshop","Offline"
"U454","Docker, Azure, Communication, AWS","Software Engineering, DevOps, Cloud Computing, Cloud Architecture","Webinar","Offline"
"U455","Node.js, Web Development, HTML/CSS","Open Source, Backend Development, Frontend Development, App Development","Project Exhibition, Workshop","Online"
"U456","Cryptography, Digital Forensics, Problem Solving, Python, Linux","Network Security, Ethical Hacking, Cyber Defense, Cybersecurity","Bootcamp, Conference","Offline"
"U457","Software Development, HTML/CSS, TypeScript, Teamwork, App Development, Node.js","App Development, Backend Development, Frontend Development, Open Source","Workshop, Competition","Offline"
"U458","Azure, Kubernetes, AWS, Cloud Computing, Linux","DevOps, Software Engineering, Cloud Computing, Cloud Architecture","Webinar, Conference","Both"
"U459","DevOps, Kubernetes, Problem Solving, Docker","DevOps, Cloud Architecture, Cybersecurity, Digital Forensics, Software Engineering","Competition, Seminar","Online"
"U460","Product Management, Communication, Digital Marketing, Marketing, Entrepreneurship","Public Speaking, Product Management, Leadership","Workshop, Seminar","Online"
"U461","Robotics, Leadership, Arduino, Internet of Things, Sensors","Drones, Automation, Autonomous Systems, Smart Devices","Competition","Offline"
"U462","SQL, App Development, React, Technical Writing","Web Development, App Development, Frontend Development, Backend Development","Hackathon","Online"
"U463","Data Analytics, Machine Learning, Deep Learning, Data Science, Problem Solving","Data Analytics, Artificial Intelligence, Generative AI","Hackathon","Both"
"U464","Project Management, Entrepreneurship, Teamwork","Innovation, Startups, Public Speaking, Leadership","Webinar, Seminar","Offline"
"U465","Video Editing, Communication, Animation","3D Design, Graphic Design, Animation, Product Design","Bootcamp, Workshop","Both"
"U466","Arduino, VLSI, Electronics, Microcontrollers, Problem Solving, Embedded Systems","PCB Design, VLSI, Internet of Things, Robotics","Workshop, Seminar","Both"
"U467","Embedded Systems, Drone Technology, Automation","Internet of Things, Smart Devices, Autonomous Systems","Hackathon","Online"
"U468","CAD, Graphic Design, Communication, UI/UX Design","Animation, 3D Design, Product Design","Conference, Bootcamp","Both"
"U469","Content Creation, UI/UX Design, Graphic Design, Animation","Product Design, Animation, 3D Design","Conference","Offline"
"U470","Arduino, Automation, Problem Solving, Internet of Things, Sensors","Smart Devices, Computer Vision, Automation, Robotics","Competition","Offline"
"U471","Graphic Design, Communication, Content Creation, Animation","UI/UX, 3D Design, Product Design, Graphic Design","Project Exhibition, Conference","Both"
"U472","Kubernetes, Project Management, Problem Solving, Linux, DevOps","Cloud Computing, Cloud Architecture, Software Engineering","Bootcamp","Both"
"U473","Animation, 3D Design, CAD","Animation, UI/UX, 3D Design","Conference","Offline"
"U474","CAD, Graphic Design, Video Editing, Communication","Product Design, 3D Design, UI/UX","Bootcamp, Conference","Both"
"U475","JavaScript, HTML/CSS, Software Development, TypeScript, Node.js","App Development, Web Development, Backend Development","Bootcamp","Offline"
"U476","Drone Technology, Embedded Systems, ESP32, Arduino, PCB Design, Microcontrollers","VLSI, Robotics, Electronics, Embedded Systems","Project Exhibition","Both"
"U477","Machine Learning, SQL, Natural Language Processing, Deep Learning, Python","Artificial Intelligence, Data Science, Computer Vision, Data Analytics","Hackathon, Workshop","Offline"
"U478","Animation, Video Editing, CAD, Content Creation, UI/UX Design","Animation, UI/UX, 3D Design","Bootcamp, Project Exhibition","Offline"
"U479","Graphic Design, Content Creation, UI/UX Design","3D Design, Animation, Graphic Design","Project Exhibition, Bootcamp","Both"
"U480","Kubernetes, Network Security, Linux, Docker, Cloud Computing, Problem Solving","Software Engineering, DevOps, Cyber Defense","Workshop","Offline"
"U481","PCB Design, Arduino, Digital Electronics, Circuit Design","Embedded Systems, Internet of Things, Digital Electronics","Competition, Seminar","Both"
"U482","Web Development, JavaScript, TypeScript, App Development","Web Development, Software Engineering, Frontend Development","Workshop, Hackathon","Both"
"U483","Internet of Things, Arduino, Automation, Embedded Systems","Smart Devices, Drones, Automation","Project Exhibition","Offline"
"U484","Python, Deep Learning, Data Analytics, Generative AI, Digital Forensics","NLP, Cyber Defense, Artificial Intelligence, Data Science","Competition","Offline"
"U485","Problem Solving, Azure, SQL, Cloud Computing, Kubernetes","DevOps, Cloud Architecture, App Development","Workshop, Competition","Offline"
"U486","Arduino, Circuit Design, Electronics","Microcontrollers, Internet of Things, VLSI, Embedded Systems","Seminar","Offline"
"U487","Marketing, Project Management, Product Management, Digital Marketing","Entrepreneurship, Leadership, Public Speaking, Startups","Career Fair","Both"
"U488","Problem Solving, Python, Data Analytics, Communication, SQL","Data Analytics, Artificial Intelligence, Generative AI","Tech Talk","Both"
"U489","Teamwork, Deep Learning, Generative AI, Data Analytics, Project Management, Computer Vision, Communication","Entrepreneurship, Machine Learning, Data Science, Data Analytics","Workshop","Both"
"U490","Digital Marketing, Communication, Leadership, Teamwork, Public Speaking","Marketing, Public Speaking, Product Management, Leadership","Conference","Both"
"U491","AWS, Kubernetes, DevOps, Linux","Cloud Architecture, Cloud Computing, Software Engineering, DevOps","Conference, Webinar","Offline"
"U492","Computer Vision, Data Science, SQL","Artificial Intelligence, Machine Learning, Generative AI, NLP","Hackathon, Workshop","Both"
"U493","Problem Solving, Data Analytics, Data Science, Natural Language Processing","Data Science, Artificial Intelligence, Machine Learning, Data Analytics","Tech Talk, Bootcamp","Both"
"U494","Cybersecurity, Python, Cryptography, Digital Forensics, Ethical Hacking","Ethical Hacking, Network Security, Cybersecurity","Workshop, Competition","Online"
"U495","Ethical Hacking, Cryptography, Cybersecurity, Linux, Network Security","Network Security, Digital Forensics, Cybersecurity, Ethical Hacking","Bootcamp","Offline"
"U496","Video Editing, Graphic Design, Marketing, UI/UX Design","3D Design, Marketing, UI/UX","Seminar","Offline"
"U497","SQL, AWS, Docker, Linux, Problem Solving, Software Development","Software Engineering, Cloud Architecture, Open Source","Bootcamp","Both"
"U498","Node.js, Technical Writing, TypeScript, Backend Development, API Development","Open Source, Web Development, App Development","Workshop","Both"
"U499","CAD, Web Development, App Development, React","Backend Development, Frontend Development, 3D Design","Workshop, Bootcamp","Both"
"U500","Cloud Computing, Software Development, Azure, Problem Solving, AWS","DevOps, Cloud Computing, Software Engineering, Cloud Architecture","Tech Talk","Both"
